name,bib,flag,utmb_index,utmb_agegroup,utmb_uri,utmb_name
Petersen Severine,6114,ğŸ‡©ğŸ‡ª (Germany),655,20-34,https://utmb.world/en/runner/4417944.severine.petersen,Severine PETERSEN
Dixon Emi,6345,ğŸ‡¬ğŸ‡§ (United Kingdom),649,20-34,https://utmb.world/en/runner/2473267.emily.dixon,Emily DIXON
Prud'Homme CloÃ©,6386,ğŸ‡«ğŸ‡· (France),629,20-34,https://utmb.world/en/runner/1038225.cloe.prudhomme,CloÃ© PRUD'HOMME
DÃ¶rries Carola,6158,ğŸ‡©ğŸ‡ª (Germany),621,20-34,https://utmb.world/en/runner/63229.carola.dorries,Carola DÃ–RRIES
Lang Enne Marianne,6069,ğŸ‡¦ğŸ‡¹ (Austria),607,35-39,https://utmb.world/en/runner/4193991.nina.lang,Nina LANG
van der Loop Janne,6190,ğŸ‡³ğŸ‡± (Netherlands),597,20-34,https://utmb.world/en/runner/4265053.noor.vanderveen,Noor VAN DER VEEN
Party Aurore,6143,ğŸ‡«ğŸ‡· (France),596,45-49,https://utmb.world/en/runner/2252679.sabrina.parsy,Sabrina PARSY
Richter Carolin,6223,ğŸ‡©ğŸ‡ª (Germany),575,35-39,https://utmb.world/en/runner/4765534.julia.richter,Julia RICHTER
van Thiel Helena,6249,ğŸ‡©ğŸ‡ª (Germany),574,20-34,https://utmb.world/en/runner/4997235.helena.vanthiel,Helena VAN THIEL
Alt Ricarda,6359,ğŸ‡©ğŸ‡ª (Germany),568,35-39,https://utmb.world/en/runner/2181135.ricarda.alt,Ricarda ALT
AuraÃŸ Malin,6089,ğŸ‡©ğŸ‡ª (Germany),558,45-49,https://utmb.world/en/runner/5460278.malin.aurass,Malin AURAÃŸ
Keck Marietta,6351,ğŸ‡©ğŸ‡ª (Germany),553,20-34,https://utmb.world/en/runner/4461082.marietta.keck,Marietta KECK
Patauner Karin,6404,ğŸ‡®ğŸ‡¹ (Italy),551,20-34,https://utmb.world/en/runner/4794846.karin.patauner,Karin PATAUNER
Berners Anja,6376,ğŸ‡©ğŸ‡ª (Germany),549,35-39,https://utmb.world/en/runner/4198937.anja.berners,Anja BERNERS
Geringer Vanessa,6034,ğŸ‡©ğŸ‡ª (Germany),547,20-34,https://utmb.world/en/runner/5305612.vanessa.geringer,Vanessa GERINGER
Punz-Raml Michaela,6060,ğŸ‡¦ğŸ‡¹ (Austria),543,45-49,https://utmb.world/en/runner/4525204.michaela.punzraml,Michaela PUNZ-RAML
GrÃ¼ndler Anne,6356,ğŸ‡©ğŸ‡ª (Germany),541,35-39,https://utmb.world/en/runner/2180483.anne.grundler,Anne GRÃœNDLER
SchÃ¶ll-Hosp Sabine,6066,ğŸ‡¦ğŸ‡¹ (Austria),537,45-49,https://utmb.world/en/runner/4461314.sabine.schollhosp,Sabine SCHÃ–LL-HOSP
Lehner Iris,6025,ğŸ‡©ğŸ‡ª (Germany),535,40-44,https://utmb.world/en/runner/4277526.conny.lehner,Conny LEHNER
Schittenhelm Andrea,6065,ğŸ‡¸ğŸ‡° (Slovakia),530,40-44,https://utmb.world/en/runner/5201920.andrea.schittenhelm,Andrea SCHITTENHELM
Furque Victoria,6131,ğŸ‡¦ğŸ‡· (Argentina),529,35-39,https://utmb.world/en/runner/4166342.mariavictoria.furque,Maria Victoria FURQUE
Abt Leandra,6340,ğŸ‡©ğŸ‡ª (Germany),527,20-34,https://utmb.world/en/runner/5305302.leandra.abt,Leandra ABT
Eggerschwiler Bernadette,6305,ğŸ‡¨ğŸ‡­ (Switzerland),526,55-59,https://utmb.world/en/runner/45259.bernadette.eggerschwiler,Bernadette EGGERSCHWILER
Helbing Sandra,6137,ğŸ‡©ğŸ‡ª (Germany),524,40-44,https://utmb.world/en/runner/4015999.sandra.helbing,Sandra HELBING
Gaillard Lauren,6378,ğŸ‡ºğŸ‡¸ (United States),518,20-34,https://utmb.world/en/runner/4218789.lauren.gaillard,Lauren GAILLARD
McCarthy Aine,6233,ğŸ‡®ğŸ‡ª (Ireland),518,40-44,https://utmb.world/en/runner/5692864.aine.mccarthy,Aine MC CARTHY
Gorna Monika,6334,ğŸ‡µğŸ‡± (Poland),514,45-49,https://utmb.world/en/runner/2054611.monika.gornacichon,Monika GÃ“RNA-CICHOÅƒ
Bungenberg Andrea,6419,ğŸ‡©ğŸ‡ª (Germany),512,20-34,https://utmb.world/en/runner/4416174.sandra.bannenberg,Sandra BANNENBERG
Langeder Julia,6314,ğŸ‡©ğŸ‡ª (Germany),511,20-34,https://utmb.world/en/runner/5407948.julia.langeder,Julia LANGEDER
Gottschalk Corinna,6173,ğŸ‡©ğŸ‡ª (Germany),510,35-39,https://utmb.world/en/runner/3975085.corinna.gottschalk,Corinna GOTTSCHALK
Scheele Sofia,6372,ğŸ‡©ğŸ‡ª (Germany),508,20-34,https://utmb.world/en/runner/5578684.johanna.schiele,Johanna SCHIELE
SvobodovÃ¡ Tereza,6341,ğŸ‡¨ğŸ‡¿ (Czechia),505,20-34,https://utmb.world/en/runner/5113866.tereza.svobodova,Tereza SVOBODOVÃ
Clot JoÃ«lle,6369,ğŸ‡¨ğŸ‡­ (Switzerland),502,20-34,https://utmb.world/en/runner/4607614.joelle.clot,JoÃ«lle CLOT
Johannsen Gesa,6054,ğŸ‡©ğŸ‡ª (Germany),498,35-39,https://utmb.world/en/runner/5305704.gesa.johannsen,Gesa JOHANNSEN
Baner Kim,6326,ğŸ‡³ğŸ‡± (Netherlands),492,45-49,https://utmb.world/en/runner/306287.kim.baner,Kim BANER
SchÃ¶ning Lena,6096,ğŸ‡©ğŸ‡ª (Germany),491,20-34,https://utmb.world/en/runner/5306608.lena.schoning,Lena SCHÃ–NING
Schmied Nadine,6189,ğŸ‡¨ğŸ‡­ (Switzerland),486,35-39,https://utmb.world/en/runner/674119.nadine.schmied,Nadine SCHMIED
Gnodtke Nadine,6402,ğŸ‡©ğŸ‡ª (Germany),484,20-34,https://utmb.world/en/runner/5489676.nadine.gnodtke,Nadine GNODTKE
Gehrmann Franziska,6176,ğŸ‡©ğŸ‡ª (Germany),483,35-39,https://utmb.world/en/runner/4461450.franziska.gehrmann,Franziska GEHRMANN
PÃ¼tz Monika,6104,ğŸ‡©ğŸ‡ª (Germany),483,35-39,https://utmb.world/en/runner/4668624.monika.putz,Monika PÃœTZ
Cotten Danielle,6270,ğŸ‡¨ğŸ‡­ (Switzerland),481,35-39,https://utmb.world/en/runner/4194399.danielle.cotten,Danielle COTTEN
DÃ¶pp Johanna,6303,ğŸ‡©ğŸ‡ª (Germany),480,20-34,https://utmb.world/en/runner/5493076.johanna.dopp,Johanna DÃ–PP
Muth Stefanie,6126,ğŸ‡©ğŸ‡ª (Germany),480,45-49,https://utmb.world/en/runner/4219120.stefanie.muth,Stefanie MUTH
Bayer Leonie,6146,ğŸ‡©ğŸ‡ª (Germany),474,20-34,https://utmb.world/en/runner/4218817.leonie.bayer,Leonie BAYER
Schmidt Rosemarie,6120,ğŸ‡©ğŸ‡ª (Germany),470,35-39,https://utmb.world/en/runner/4460954.rosemarie.schmidt,Rosemarie SCHMIDT
HÃ¶rmann Hanna,6119,ğŸ‡©ğŸ‡ª (Germany),467,20-34,https://utmb.world/en/runner/4197787.hanna.hormann,Hanna HÃ–RMANN
Berger Julia,6391,ğŸ‡¦ğŸ‡¹ (Austria),461,35-39,https://utmb.world/en/runner/2132085.miriam.berger,Miriam BERGER
Fuchs Lucia,6046,ğŸ‡©ğŸ‡ª (Germany),461,20-34,https://utmb.world/en/runner/4002592.lucia.fuchs,Lucia FUCHS
Akif Charline,6194,ğŸ‡«ğŸ‡· (France),458,35-39,https://utmb.world/en/runner/4473075.charline.akif,Charline AKIF
Binkowski Caroline,6373,ğŸ‡©ğŸ‡ª (Germany),457,20-34,https://utmb.world/en/runner/5536990.caroline.binkowski,Caroline BINKOWSKI
Schade Nancy,6136,ğŸ‡©ğŸ‡ª (Germany),456,40-44,https://utmb.world/en/runner/4579698.nancy.schade,Nancy SCHADE
Jakupovic Ajla,6135,ğŸ‡¦ğŸ‡¹ (Austria),454,20-34,https://utmb.world/en/runner/5551580.ajla.jakupovic,Ajla JAKUPOVIC
MÃ¶ltner Birgit,6148,ğŸ‡¦ğŸ‡¹ (Austria),453,40-44,https://utmb.world/en/runner/5175362.birgit.moeltner,Birgit MOELTNER
Debusmann Kathrin,6265,ğŸ‡©ğŸ‡ª (Germany),452,45-49,https://utmb.world/en/runner/4160309.kathrin.debusmann,Kathrin DEBUSMANN
Weiss Katharina,8113,ğŸ‡¦ğŸ‡¹ (Austria),451,20-34,https://utmb.world/en/runner/4565798.katharina.weiss,Katharina WEISS
Breidling Victoria,6203,ğŸ‡©ğŸ‡ª (Germany),450,20-34,https://utmb.world/en/runner/5557742.victoria.breidling,Victoria BREIDLING
Pehle Manuela,6150,ğŸ‡©ğŸ‡ª (Germany),450,40-44,https://utmb.world/en/runner/876405.manuela.pehle,Manuela PEHLE
Fuchs Andrea,6333,ğŸ‡¨ğŸ‡­ (Switzerland),448,45-49,https://utmb.world/en/runner/170478.andrea.fuchs,Andrea FUCHS
Baumgartner Sandra,6004,ğŸ‡©ğŸ‡ª (Germany),444,20-34,https://utmb.world/en/runner/4221641.sandra.baumgartner,Sandra BAUMGARTNER
Burger Marleen,6013,ğŸ‡©ğŸ‡ª (Germany),443,20-34,https://utmb.world/en/runner/5305930.marleen.burger,Marleen BURGER
Staggl Johanna,6139,ğŸ‡¦ğŸ‡¹ (Austria),443,20-34,https://utmb.world/en/runner/4015681.johanna.staggl,Johanna STAGGL
Muittari Sonja,6313,ğŸ‡«ğŸ‡® (Finland),440,20-34,https://utmb.world/en/runner/5070859.sonja.muittari,Sonja MUITTARI
Mahle Annika,6130,ğŸ‡©ğŸ‡ª (Germany),435,20-34,https://utmb.world/en/runner/5460384.annika.mahle,Annika MAHLE
Quaas Nadine,6209,ğŸ‡©ğŸ‡ª (Germany),435,40-44,https://utmb.world/en/runner/4461030.nadine.quaas,Nadine QUAAS
Lefrancois Sabine,6262,ğŸ‡«ğŸ‡· (France),429,50-54,https://utmb.world/en/runner/510835.sabine.lefrancois,Sabine LEFRANCOIS
Mahnke Sandra,6039,ğŸ‡©ğŸ‡ª (Germany),429,50-54,https://utmb.world/en/runner/3386559.sandra.mahnke,Sandra MAHNKE
Gerbendorf Svenja,6051,ğŸ‡©ğŸ‡ª (Germany),426,35-39,https://utmb.world/en/runner/1602789.svenja.gerbendorf,Svenja GERBENDORF
Freitag Laurine,6033,ğŸ‡©ğŸ‡ª (Germany),425,45-49,https://utmb.world/en/runner/4896042.cornelia.freitag,Cornelia FREITAG
Stanco Elin,6409,ğŸ‡¨ğŸ‡­ (Switzerland),425,40-44,https://utmb.world/en/runner/1112613.stanco.elin,Elin STANCO (Stanco ELIN)
Ulrich Claudia,6087,ğŸ‡©ğŸ‡ª (Germany),425,55-59,https://utmb.world/en/runner/320922.claudia.ulrich,Claudia ULRICH
LÃ¤mmle Antonia,6015,ğŸ‡©ğŸ‡ª (Germany),422,20-34,https://utmb.world/en/runner/5305454.antonia.lammle,Antonia LÃ„MMLE
Lang Nicole,6019,ğŸ‡©ğŸ‡ª (Germany),420,20-34,https://utmb.world/en/runner/5305380.nicole.lang,Nicole LANG
Lambert Emma,6088,ğŸ‡¬ğŸ‡§ (United Kingdom),419,45-49,https://utmb.world/en/runner/5000512.emma.lambert,Emma LAMBERT
Kilian Eva,6236,ğŸ‡©ğŸ‡ª (Germany),418,20-34,https://utmb.world/en/runner/5495125.eva.kilian,Eva KILIAN
WÃ¶ckinger Julia,6325,ğŸ‡¦ğŸ‡¹ (Austria),416,20-34,https://utmb.world/en/runner/5287388.julia.wockinger,Julia WÃ–CKINGER
Hyde Sarah,6350,ğŸ‡³ğŸ‡¿ (New Zealand),415,20-34,https://utmb.world/en/runner/5306680.sarah.hyde,Sarah HYDE
Krasina Alexandra,6184,ğŸ‡©ğŸ‡ª (Germany),409,40-44,https://utmb.world/en/runner/4565820.alexandra.krasina,Alexandra KRASINA
Pegrin Daniela,6005,ğŸ‡¦ğŸ‡¹ (Austria),409,40-44,https://utmb.world/en/runner/1479705.daniela.pegrin,Daniela PEGRIN
Hechler Annika,6048,ğŸ‡©ğŸ‡ª (Germany),408,20-34,https://utmb.world/en/runner/5306690.annika.hechler,Annika HECHLER
Musorina Olesya,6067,ğŸ‡·ğŸ‡º (Russia),408,40-44,https://utmb.world/en/runner/5329122.olesya.musorina,Olesya MUSORINA
Ohm Pauline,6322,ğŸ‡©ğŸ‡ª (Germany),408,20-34,https://utmb.world/en/runner/2000269.pauline.ohm,Pauline OHM
Barco Judlin Patricia,6264,ğŸ‡«ğŸ‡· (France),407,60-64,https://utmb.world/en/runner/656491.patricia.barcojudlin,Patricia BARCO-JUDLIN
Duret Estelle,8128,ğŸ‡«ğŸ‡· (France),404,50-54,https://utmb.world/en/runner/1941965.estelle.duret,Estelle DURET
Tas Ebru,6298,ğŸ‡©ğŸ‡ª (Germany),402,35-39,https://utmb.world/en/runner/1996273.ebru.tas,Ebru TAS
Neusius Andrea,6395,ğŸ‡©ğŸ‡ª (Germany),392,45-49,https://utmb.world/en/runner/2398607.andrea.neusius,Andrea NEUSIUS
Spath Julia,6091,ğŸ‡©ğŸ‡ª (Germany),383,45-49,https://utmb.world/en/runner/3036011.julia.spath,Julia SPATH
Fenz Silvia,6156,ğŸ‡¦ğŸ‡¹ (Austria),381,55-59,https://utmb.world/en/runner/2112989.silvia.fenz,Silvia FENZ
Rottluff Elsa,6354,ğŸ‡«ğŸ‡® (Finland),379,20-34,https://utmb.world/en/runner/5186689.elsa.rottluff,Elsa ROTTLUFF
Mehnert Katrin,6011,ğŸ‡©ğŸ‡ª (Germany),366,50-54,https://utmb.world/en/runner/66895.katrin.mehnert,Katrin MEHNERT
Barenbrug Mieke,6075,ğŸ‡³ğŸ‡± (Netherlands),355,40-44,https://utmb.world/en/runner/1492689.mieke.barenbrug,Mieke BARENBRUG
Boutellier Helen,6416,ğŸ‡¨ğŸ‡­ (Switzerland),355,35-39,https://utmb.world/en/runner/484568.helen.boutellier,Helen BOUTELLIER
Holsappel Anita,6175,ğŸ‡³ğŸ‡± (Netherlands),351,50-54,https://utmb.world/en/runner/5460120.anita.holsappel,Anita HOLSAPPEL
Radulovic Helena,6035,ğŸ‡¦ğŸ‡¹ (Austria),348,20-34,https://utmb.world/en/runner/4219034.helena.radulovic,Helena RADULOVIC
Cooper Clare,6107,ğŸ‡¬ğŸ‡§ (United Kingdom),346,50-54,https://utmb.world/en/runner/735558.clare.cooper,Clare COOPER
Panzer Marlene,6027,ğŸ‡¦ğŸ‡¹ (Austria),343,20-34,https://utmb.world/en/runner/5305466.marlene.panzer,Marlene PANZER
Stelling Nena,6182,ğŸ‡©ğŸ‡ª (Germany),336,20-34,https://utmb.world/en/runner/5522372.nena.stelling,Nena STELLING
Bakun Yuliana,6364,ğŸ‡ºğŸ‡¦ (Ukraine),0,,,
Domokos Daniella,6021,ğŸ‡©ğŸ‡ª (Germany),0,,,
Dyran Gamst Tuva,6125,ğŸ‡³ğŸ‡´ (Norway),0,40-44,https://utmb.world/en/runner/3096619.kathrine.myran,Kathrine MYRAN
Frank Cathleen,6155,ğŸ‡©ğŸ‡ª (Germany),0,50-54,https://utmb.world/en/runner/3953089.cathleen.frank,Cathleen FRANK
Hack Caro,6008,ğŸ‡©ğŸ‡ª (Germany),0,20-34,https://utmb.world/en/runner/5801973.carolin.hack,Carolin HACK
Kaczmarek Mary,6296,ğŸ‡¦ğŸ‡¹ (Austria),0,,,
Kern Katrin,6023,ğŸ‡©ğŸ‡ª (Germany),0,55-59,https://utmb.world/en/runner/1383181.katrin.kern,Katrin KERN
Kiunke Jennifer,6406,ğŸ‡©ğŸ‡ª (Germany),0,,,
Klimaschewski Maja,6095,ğŸ‡¦ğŸ‡¹ (Austria),0,,,
Lederer Claudia,6212,ğŸ‡©ğŸ‡ª (Germany),0,45-49,https://utmb.world/en/runner/1058603.claudia.lederer,Claudia LEDERER
Muyldermans Anja,6394,ğŸ‡§ğŸ‡ª (Belgium),0,50-54,https://utmb.world/en/runner/1013463.anja.muyldermans,Anja MUYLDERMANS
Schultz Tamara,6007,ğŸ‡©ğŸ‡ª (Germany),0,60-64,https://utmb.world/en/runner/119500.claudia.schultz,Claudia SCHULTZ
Schwarz Friederike,6166,ğŸ‡©ğŸ‡ª (Germany),0,40-44,https://utmb.world/en/runner/3705601.friederike.schwarz,Friederike SCHWARZ
Seerden Isabel,6191,ğŸ‡¦ğŸ‡¹ (Austria),0,,,
Weibeler Kerstin,6043,ğŸ‡©ğŸ‡ª (Germany),0,35-39,https://utmb.world/en/runner/1996807.kerstin.weibeler,Kerstin WEIBELER
Wierzchowski Anna,6256,ğŸ‡©ğŸ‡ª (Germany),0,,,
Zembrod Jasmin,6038,ğŸ‡©ğŸ‡ª (Germany),0,40-44,https://utmb.world/en/runner/4271939.jasmin.zembrod,Jasmin ZEMBROD
